Asia,N_Patient,FRAC_MALE,AGE_MED,Prior_Palliative_Chemo,Primary_Stomach,Primary_GEJ,ECOG_MEAN,Capecitabine_Ind,Carboplatin_Ind,Cisplatin_Ind,Docetaxel_Ind,Doxifluridine_Ind,Doxorubicin_Ind,Epirubicin_Ind,Etoposide_Ind,Fluorouracil_Ind,Heptaplatin_Ind,Irinotecan_Ind,Leucovorin_Ind,Mitomycin_Ind,Oxaliplatin_Ind,Paclitaxel_Ind,S-1_Ind,Capecitabine_Avg,Carboplatin_Avg,Cisplatin_Avg,Docetaxel_Avg,Doxifluridine_Avg,Doxorubicin_Avg,Epirubicin_Avg,Etoposide_Avg,Fluorouracil_Avg,Heptaplatin_Avg,Irinotecan_Avg,Leucovorin_Avg,Mitomycin_Avg,Oxaliplatin_Avg,Paclitaxel_Avg,S-1_Avg,Capecitabine_Inst,Carboplatin_Inst,Cisplatin_Inst,Docetaxel_Inst,Doxifluridine_Inst,Doxorubicin_Inst,Epirubicin_Inst,Etoposide_Inst,Fluorouracil_Inst,Heptaplatin_Inst,Irinotecan_Inst,Leucovorin_Inst,Mitomycin_Inst,Oxaliplatin_Inst,Paclitaxel_Inst,S-1_Inst,intercept
-0.025302365361698793,0.0005228129397289373,0.00556190343955485,0.000985162759835801,0.0028823454992510313,-0.01253298036611631,0.01136159819366766,0.010932369125777231,1.2572065756839841e-05,0.00031621625279943755,0.00268845439036258,-0.0038234157013517585,2.5595624183375785e-06,-0.00019945627937427522,0.00014490212816068847,3.898215576097495e-05,-0.0061708215216875265,1.0928677067164097e-05,0.0018363428982875938,-0.00877503263161868,-0.0005512916440748885,-0.00034895545132336515,-0.00043141612771918864,0.0012267442391978032,1.5663297444643754e-05,0.0013996490178726179,0.00016246384860695636,-0.0012393234678954631,0.0001271041192367077,0.0065042433420630765,-0.0008983055851045314,0.010260050610110451,2.2130154536489033e-05,-0.0023397436242565102,0.0020075897709963767,-0.0001906263738427608,-0.0026471417160941423,0.00172822303862147,-0.001370126054430829,0.0006954088681138357,-7.452514845475681e-05,0.008035029614986568,0.0005756354986426899,0.0003067741808724204,-0.0005761637446300423,-0.0008413463341400565,-0.0012633588355237225,-0.005883636327952288,-1.6120292104044022e-05,0.0008666395346702119,-0.000666257500561834,0.0001469953367124902,-0.00494315453738254,-0.000567366021695419,0.0004394904553331788,-0.0030484923746219306,0.002242902943573409
