Asia,N_Patient,FRAC_MALE,AGE_MED,Prior_Palliative_Chemo,Primary_Stomach,Primary_GEJ,ECOG_MEAN,Capecitabine_Ind,Carboplatin_Ind,Cisplatin_Ind,Docetaxel_Ind,Doxifluridine_Ind,Doxorubicin_Ind,Epirubicin_Ind,Etoposide_Ind,Fluorouracil_Ind,Heptaplatin_Ind,Irinotecan_Ind,Leucovorin_Ind,Mitomycin_Ind,Oxaliplatin_Ind,Paclitaxel_Ind,S-1_Ind,Capecitabine_Avg,Carboplatin_Avg,Cisplatin_Avg,Docetaxel_Avg,Doxifluridine_Avg,Doxorubicin_Avg,Epirubicin_Avg,Etoposide_Avg,Fluorouracil_Avg,Heptaplatin_Avg,Irinotecan_Avg,Leucovorin_Avg,Mitomycin_Avg,Oxaliplatin_Avg,Paclitaxel_Avg,S-1_Avg,Capecitabine_Inst,Carboplatin_Inst,Cisplatin_Inst,Docetaxel_Inst,Doxifluridine_Inst,Doxorubicin_Inst,Epirubicin_Inst,Etoposide_Inst,Fluorouracil_Inst,Heptaplatin_Inst,Irinotecan_Inst,Leucovorin_Inst,Mitomycin_Inst,Oxaliplatin_Inst,Paclitaxel_Inst,S-1_Inst,intercept
0.056018546768350455,0.01799065463418118,0.0027988875203825625,0.0782182862620301,-0.03983272190161381,0.0005580000579477887,0.01311595307657824,-0.07080004282203202,-0.0009191666996905941,-0.0054193313106558555,0.026386120113266655,0.02150991375548806,0.00012564685440545178,-0.0001531404363603455,-0.0016368129494861011,6.495462565488867e-05,-0.003739375956179393,0.0003970281100647003,0.017870844264537528,0.027319656663023488,0.007279737033526858,-0.003559659567652361,0.009168432840801112,0.004806744692405373,-1.8351345847438816e-05,-0.00957733842934696,0.23629190454872637,0.08789334277336168,0.007129205385948182,0.009312876373681212,-0.08692038995168738,0.030388386540759493,-0.00010908931117685665,-0.08395953186765924,0.041027411461280666,-0.012871424460030294,0.017290342540638097,-0.00993627635511615,0.013496136673575913,-0.0031483544855467277,0.0011647240571470393,-0.022425394328217142,-0.04407620466554392,-0.0012243307705838151,-0.028016483441523965,0.00017540137748976617,0.03700477154588903,-0.02752692359003484,0.0013980246698148094,0.03244513952469305,-0.0056752598953482185,0.014225155205500174,0.0229266073414551,0.030178835584390155,0.014199730978758839,0.07695305845207095,0.00936498069216855
