Asia,N_Patient,FRAC_MALE,AGE_MED,Prior_Palliative_Chemo,Primary_Stomach,Primary_GEJ,ECOG_MEAN,Capecitabine_Ind,Carboplatin_Ind,Cisplatin_Ind,Docetaxel_Ind,Doxifluridine_Ind,Doxorubicin_Ind,Epirubicin_Ind,Etoposide_Ind,Fluorouracil_Ind,Heptaplatin_Ind,Irinotecan_Ind,Leucovorin_Ind,Mitomycin_Ind,Oxaliplatin_Ind,Paclitaxel_Ind,S-1_Ind,Capecitabine_Avg,Carboplatin_Avg,Cisplatin_Avg,Docetaxel_Avg,Doxifluridine_Avg,Doxorubicin_Avg,Epirubicin_Avg,Etoposide_Avg,Fluorouracil_Avg,Heptaplatin_Avg,Irinotecan_Avg,Leucovorin_Avg,Mitomycin_Avg,Oxaliplatin_Avg,Paclitaxel_Avg,S-1_Avg,Capecitabine_Inst,Carboplatin_Inst,Cisplatin_Inst,Docetaxel_Inst,Doxifluridine_Inst,Doxorubicin_Inst,Epirubicin_Inst,Etoposide_Inst,Fluorouracil_Inst,Heptaplatin_Inst,Irinotecan_Inst,Leucovorin_Inst,Mitomycin_Inst,Oxaliplatin_Inst,Paclitaxel_Inst,S-1_Inst,intercept
0.008165514681783944,0.0005847550710644979,0.008267230129915907,-0.00010101420830760147,-0.012531556751878267,0.008486113971336095,0.002903703151080851,0.005086542744050907,0.0006724230829148362,-0.0011160190345543373,-0.00174664278491693,0.003496853230278105,-8.434915072656257e-07,-0.0012480058111856535,-5.592193175083981e-05,0.00011374798727936111,-0.0021659190425390704,4.262381057650323e-06,0.01048843968060673,-0.003765979686626321,-0.00040384369158858537,-0.003484084732523609,0.00032138290165849027,0.000978623498995977,5.182587044851852e-06,-0.0012175087782553043,7.606227365871402e-05,0.0018958868821441096,-3.950842476621038e-05,-0.005585771620691001,-0.00431792477250315,0.027457583831873262,1.9703963145445503e-05,-0.0007286391179618145,-0.0004967957628387527,-5.5492576085485464e-05,-0.0013267544778277289,0.0038490982023922154,-0.0002749418677880473,0.0002022999594038301,-3.5040271991829385e-05,0.0014201201195009389,-0.00028318861249502066,0.0005341657102567436,0.00019058543431390787,0.0021346520290837535,0.0018522232431854068,-0.013860514319958803,-1.993662109868377e-05,0.0005077617224614804,0.00037155401362880437,9.935224624624558e-05,0.0006023427223844348,-0.0014055629775734347,9.266700939167425e-05,-0.0009358201403147639,0.00619207473588817
