Asia,N_Patient,FRAC_MALE,AGE_MED,Prior_Palliative_Chemo,Primary_Stomach,Primary_GEJ,ECOG_MEAN,Capecitabine_Ind,Carboplatin_Ind,Cisplatin_Ind,Docetaxel_Ind,Doxifluridine_Ind,Doxorubicin_Ind,Epirubicin_Ind,Etoposide_Ind,Fluorouracil_Ind,Heptaplatin_Ind,Irinotecan_Ind,Leucovorin_Ind,Mitomycin_Ind,Oxaliplatin_Ind,Paclitaxel_Ind,S-1_Ind,Capecitabine_Avg,Carboplatin_Avg,Cisplatin_Avg,Docetaxel_Avg,Doxifluridine_Avg,Doxorubicin_Avg,Epirubicin_Avg,Etoposide_Avg,Fluorouracil_Avg,Heptaplatin_Avg,Irinotecan_Avg,Leucovorin_Avg,Mitomycin_Avg,Oxaliplatin_Avg,Paclitaxel_Avg,S-1_Avg,Capecitabine_Inst,Carboplatin_Inst,Cisplatin_Inst,Docetaxel_Inst,Doxifluridine_Inst,Doxorubicin_Inst,Epirubicin_Inst,Etoposide_Inst,Fluorouracil_Inst,Heptaplatin_Inst,Irinotecan_Inst,Leucovorin_Inst,Mitomycin_Inst,Oxaliplatin_Inst,Paclitaxel_Inst,S-1_Inst,intercept
-0.007575953861218725,0.00265952815784441,0.007644321369921324,0.006636779751018392,-0.010305361295563042,-0.004484482226493938,0.00956658794443447,-0.0025330332467032395,0.0004758854659652461,0.0032585514696004438,0.0029666058348114628,0.0029059454711805243,9.36576765991571e-07,0.00015186513550508607,-0.00028356424819904,7.185886119877362e-05,-0.008041742284599897,4.30536285737676e-06,0.003889696441394922,6.629892382760757e-05,-0.0013791619641756573,-0.0013660243624748483,-0.004550192910967223,0.00040136583919426013,4.8546170791467577e-05,0.00710635720471913,0.004079445073436556,-0.005334343284402862,4.1845097676271703e-05,0.007629934390735206,-0.012327257787401609,0.01841036431185709,4.3216470990635694e-05,-0.0007523200516683773,0.002272373496899742,-0.0003766774270214486,-0.002624586466671226,0.010105984208923688,-0.004434360185815803,0.0009591161480658903,-0.00021269730813214222,0.024265342941748595,-0.00045871604129446727,0.0035682672233797656,-0.00021222489453505107,0.00012264704198183796,0.0012892268594342034,-0.010175380176054726,-2.8543366528782288e-05,0.0004978050512719754,-0.0001725115103275431,0.0003878373118150395,-0.017004266004706066,-0.004365444875102092,0.0016306218427427255,-0.004108992447975568,0.0069453175443241096
