Asia,N_Patient,FRAC_MALE,AGE_MED,Prior_Palliative_Chemo,Primary_Stomach,Primary_GEJ,ECOG_MEAN,Capecitabine_Ind,Carboplatin_Ind,Cisplatin_Ind,Docetaxel_Ind,Doxifluridine_Ind,Doxorubicin_Ind,Epirubicin_Ind,Etoposide_Ind,Fluorouracil_Ind,Heptaplatin_Ind,Irinotecan_Ind,Leucovorin_Ind,Mitomycin_Ind,Oxaliplatin_Ind,Paclitaxel_Ind,S-1_Ind,Capecitabine_Avg,Carboplatin_Avg,Cisplatin_Avg,Docetaxel_Avg,Doxifluridine_Avg,Doxorubicin_Avg,Epirubicin_Avg,Etoposide_Avg,Fluorouracil_Avg,Heptaplatin_Avg,Irinotecan_Avg,Leucovorin_Avg,Mitomycin_Avg,Oxaliplatin_Avg,Paclitaxel_Avg,S-1_Avg,Capecitabine_Inst,Carboplatin_Inst,Cisplatin_Inst,Docetaxel_Inst,Doxifluridine_Inst,Doxorubicin_Inst,Epirubicin_Inst,Etoposide_Inst,Fluorouracil_Inst,Heptaplatin_Inst,Irinotecan_Inst,Leucovorin_Inst,Mitomycin_Inst,Oxaliplatin_Inst,Paclitaxel_Inst,S-1_Inst,intercept
-0.0002719934838313149,0.00021918171267609721,0.0003369893418547672,0.0010349022222664371,-0.0003208869674503642,-0.00021159044676676196,0.0004067687834889778,0.00012963210053041615,-3.463878284310352e-05,0.00024066525352282113,0.00020384874839675577,0.0005026583642732312,4.848085615583207e-07,3.516712757944789e-05,-7.40681924027119e-05,2.0490329904698942e-05,-0.00019260816839022856,1.7904708125261706e-06,0.00039125940384174566,-0.00022773873100452336,-9.980399983151407e-05,-7.296035717687336e-05,-6.787194009579922e-05,-4.335063882104404e-06,4.0007050348563816e-06,0.0005208195211728729,0.0009082643910510647,3.27967912870116e-05,2.8312551995404934e-05,0.0005006406442997303,-0.0012033390637571219,0.004975909242875103,1.2453969327391944e-05,-0.0004371393748976388,0.0007006661801216281,1.7110687799808312e-05,-0.0002376310673490288,0.0010980713073023684,-0.00018071013275171925,2.6387416548181707e-05,-1.7039774294957185e-05,0.0017599036341547723,-9.559166130670491e-05,0.0002666598714633698,-0.00010786028917537427,0.0001897159620959203,0.00030196888613697343,-0.002536479676227016,-1.539957022752988e-06,9.230941740942724e-05,-8.852868587382787e-05,-2.2899630383533302e-05,-0.000759760855534189,-0.000399129327719558,5.415308831580104e-05,0.0001554392092574902,0.00027083932159224685
