Asia,N_Patient,FRAC_MALE,AGE_MED,Prior_Palliative_Chemo,Primary_Stomach,Primary_GEJ,ECOG_MEAN,Capecitabine_Ind,Carboplatin_Ind,Cisplatin_Ind,Docetaxel_Ind,Doxifluridine_Ind,Doxorubicin_Ind,Epirubicin_Ind,Etoposide_Ind,Fluorouracil_Ind,Heptaplatin_Ind,Irinotecan_Ind,Leucovorin_Ind,Mitomycin_Ind,Oxaliplatin_Ind,Paclitaxel_Ind,S-1_Ind,Capecitabine_Avg,Carboplatin_Avg,Cisplatin_Avg,Docetaxel_Avg,Doxifluridine_Avg,Doxorubicin_Avg,Epirubicin_Avg,Etoposide_Avg,Fluorouracil_Avg,Heptaplatin_Avg,Irinotecan_Avg,Leucovorin_Avg,Mitomycin_Avg,Oxaliplatin_Avg,Paclitaxel_Avg,S-1_Avg,Capecitabine_Inst,Carboplatin_Inst,Cisplatin_Inst,Docetaxel_Inst,Doxifluridine_Inst,Doxorubicin_Inst,Epirubicin_Inst,Etoposide_Inst,Fluorouracil_Inst,Heptaplatin_Inst,Irinotecan_Inst,Leucovorin_Inst,Mitomycin_Inst,Oxaliplatin_Inst,Paclitaxel_Inst,S-1_Inst,intercept
0.010993697566575974,0.0027618616932527005,0.0029863986629250798,-0.00014286764273136685,-0.004175594294527151,-0.0006850445563909381,0.0015870483377617099,-0.03487400366644739,0.004098356990502293,0.005473180308271635,-0.005786523388108573,-0.0038951234949511832,-2.501771164877285e-06,-0.0007174057994350651,0.0004113298479221361,4.5176033802733144e-05,-0.003011881497471826,-3.911733249420017e-05,0.00020499154284380286,0.017581496946155583,0.001737925517199793,-0.0025991321153264325,-0.00894477285007117,-0.00016311300612051048,6.5839046434774206e-06,0.010554168788663155,0.0037636807512634674,-0.007179181828353858,-0.0001340342951622323,0.004103117055365239,-0.0037686288179123394,0.011156438536084324,1.0857082068065725e-05,0.009060967290482788,-0.0009458278507048602,-0.00021168102648618311,0.007850910930714333,0.009189451450703011,-0.00284394948929811,-0.0008021237018326064,-5.2643822785690014e-05,0.02970154722658889,-0.0005169636785063511,0.005049532670805501,0.000560214791021798,0.0009579850747671238,-0.0003694125196869877,-0.005840044620899129,-2.2714055115237206e-05,-0.0024685222687174635,0.0006192275033508371,0.00019401757447488338,-0.011892421748392258,-0.003807240560477631,0.0014522553397911832,0.0032125374120699816,0.0044701676123143005
