Asia,N_Patient,FRAC_MALE,AGE_MED,Prior_Palliative_Chemo,Primary_Stomach,Primary_GEJ,ECOG_MEAN,Capecitabine_Ind,Carboplatin_Ind,Cisplatin_Ind,Docetaxel_Ind,Doxifluridine_Ind,Doxorubicin_Ind,Epirubicin_Ind,Etoposide_Ind,Fluorouracil_Ind,Heptaplatin_Ind,Irinotecan_Ind,Leucovorin_Ind,Mitomycin_Ind,Oxaliplatin_Ind,Paclitaxel_Ind,S-1_Ind,Capecitabine_Avg,Carboplatin_Avg,Cisplatin_Avg,Docetaxel_Avg,Doxifluridine_Avg,Doxorubicin_Avg,Epirubicin_Avg,Etoposide_Avg,Fluorouracil_Avg,Heptaplatin_Avg,Irinotecan_Avg,Leucovorin_Avg,Mitomycin_Avg,Oxaliplatin_Avg,Paclitaxel_Avg,S-1_Avg,Capecitabine_Inst,Carboplatin_Inst,Cisplatin_Inst,Docetaxel_Inst,Doxifluridine_Inst,Doxorubicin_Inst,Epirubicin_Inst,Etoposide_Inst,Fluorouracil_Inst,Heptaplatin_Inst,Irinotecan_Inst,Leucovorin_Inst,Mitomycin_Inst,Oxaliplatin_Inst,Paclitaxel_Inst,S-1_Inst,intercept
-0.005145083401835369,0.0009002921118304307,0.008104030349161129,0.000558890615847671,-0.010964411244087303,-0.009069899946048265,0.006859475344135057,-0.012369531118030455,0.0010292191099854312,-0.0015545227848013483,0.0029491797452382475,0.020415521037017124,1.0884256683508023e-06,0.0003149220557996375,0.0010631703826305921,-1.0482547895277332e-05,-0.0025174500718193873,3.3320946607410153e-06,0.006232030983679932,-0.007557017571927253,-0.0010813386287001111,-0.0025887708396944804,-0.003492548273380391,-0.0012184726668823032,1.5354674409060185e-05,-0.0006915779670866554,-0.00026961015995559563,0.0011443405817629976,6.690753426206394e-05,0.00760248978638665,-0.00210220785292822,-0.002091040138772926,2.474066681939462e-05,-0.000893814233946668,0.0030211044547933555,0.0002959636092799505,-0.005646714342276753,-0.0038036076430334135,0.0004153984860369514,-0.000256183433723365,-7.066552903738735e-05,0.010012604111320243,0.00035992823172398166,-0.00036654526380452653,-0.000241149900125585,-0.0019230276516253118,-0.00027205982581267297,0.0006915439393084318,2.348220123151087e-06,9.767461317750961e-05,-0.0007645887638374396,-0.00017420205623731232,-0.006745391959312096,0.0011923616926185544,-0.0003643385160685314,0.001579312834503954,0.0057034836194381575
