SAT,GPA,merit,intercept
-1.7161316312003978,0.0,0.0,0.49545524885277137
